{
    "count": {
        "twilight sparkle": 4745,
        "applejack": 2748,
        "rarity": 2660,
        "pinkie pie": 2833,
        "rainbow dash": 3072,
        "fluttershy": 2109
    },
    "verbosity": {
        "twilight sparkle": 0.2611878681125117,
        "applejack": 0.15126327957285188,
        "rarity": 0.14641933175538063,
        "pinkie pie": 0.1559420928056366,
        "rainbow dash": 0.169097814718996,
        "fluttershy": 0.11608961303462322
    }
}